Ticker,MarketCap,PE,Revenue,NetIncome,TotalAssets,TotalDebt,Symbol,Sector,ProfitMargin,ROA,DebtRatio,EarningsYield,LogMarketCap,SizeGroup,PM_z,ROA_z,Debt_z,FinancialStrengthScore
JNJ,564350156800,21.231188,94193000000.0,26804000000.0,199210000000.0,47933000000.0,JNJ,Health Care,0.2845646704107524,0.1345514783394407,0.2406154309522614,0.0471005202346661,27.05894074118977,Large,0.8779555366309182,0.9753095472175544,-0.416731134215186,2.2699962180636586
AVGO,1927517437952,79.40234,63887000000.0,23126000000.0,171092000000.0,65136000000.0,AVGO,Information Technology,0.3619828760154648,0.1351670446309587,0.3807074556379024,0.0125940872775285,28.28725398927008,Large,1.4332932619784942,0.9846016239777511,0.399847343679826,2.0180475422764195
LLY,829709287424,40.323185,65179000000.0,20640000000.0,112476000000.0,42503000000.0,LLY,Health Care,0.3166664109605854,0.1835058145737757,0.3778850599238949,0.0247996283031709,27.444341220267397,Large,1.1082283443948475,1.7142834908884599,0.38339596037422147,2.4391158749090858
D,54864977920,17.988472,16506000000.0,2998000000.0,115857000000.0,48941000000.0,D,Utilities,0.1816309220889373,0.0258767273449165,0.4224259216102609,0.0555911586042438,24.728141056946733,Mid,0.13958924141602144,-0.6651541072268474,0.6430189412084254,-1.1685838070192514
CHD,22948458496,32.079468,6203200000.0,736800000.0,8912400000.0,2205100000.0,CHD,Consumer Staples,0.118777405210214,0.0826713343207216,0.2474193258830393,0.0311725867773118,23.85651660326681,Smaller,-0.3112727854274556,0.1921700426758037,-0.37707210166997596,0.25796935891832407
KHC,26598744064,,24942000000.0,-5846000000.0,81786000000.0,21219000000.0,KHC,Consumer Staples,-0.2343837703472055,-0.0714792262734453,0.2594453818501944,,24.004129835980272,Smaller,-2.8445751576952434,-2.134758610509719,-0.3069737609630316,-4.672360007241931
REGN,79350120448,18.081669,14342900000.0,4504900000.0,40558700000.0,2705900000.0,REGN,Health Care,0.314085714883322,0.1110711142122405,0.066715649170215,0.0553046292352768,25.09713580185089,Large,1.0897164468616187,0.6208694993564563,-1.4303707002968733,3.1409566465149483
ED,40581599232,19.530142,16918000000.0,2023000000.0,74603000000.0,28376000000.0,ED,Utilities,0.1195767821255467,0.0271168719756578,0.3803600391405171,0.0512029047203036,24.42658057993177,Mid,-0.3055386799365218,-0.6464339153297619,0.39782229739138003,-1.3497948926576637
BK,92979470336,16.741018,19759000000.0,5549000000.0,472300000000.0,34298000000.0,BK,Financials,0.2808340503061896,0.0117488884183781,0.0726190980309125,0.0597335239708839,25.25564455665573,Large,0.8511949824844948,-0.8784162133070246,-1.3959602526228059,1.368739021800276
HBAN,34325467136,12.122303,8131000000.0,2211000000.0,225106000000.0,18460000000.0,HBAN,Financials,0.2719222727831755,0.009822039394774,0.082005810595897,0.0824925758744027,24.25915339771396,Mid,0.7872688527094971,-0.9075023235754851,-1.341246306729363,1.221012835863375
A,34469666816,26.902868,6948000000.0,1303000000.0,12727000000.0,3354000000.0,A,Health Care,0.1875359815774323,0.1023807653021136,0.2635342185903984,0.0371707581511383,24.26334555151608,Mid,0.1819475249588696,0.4896872201145923,-0.2831404550402341,0.954775200113696
MA,465227776000,31.536598,32791000000.0,14968000000.0,54157000000.0,19000000000.0,MA,Financials,0.4564667134274648,0.2763816311834112,0.350831840759274,0.0317091906996436,26.86579296346111,Large,2.1110464976760217,3.1162595720908692,0.2257062091041011,5.0015998606627905
COF,128410214400,61.267063,53434000000.0,2453000000.0,669009000000.0,50413000000.0,COF,Financials,0.0459071003480929,0.0036666173399759,0.0753547411170851,0.0163219836407043,25.578495776440096,Large,-0.8339874238180346,-1.0004194553494565,-1.3800145392791412,-0.45439233988835004
PPL,29349482496,24.54088,9042000000.0,1181000000.0,45244000000.0,19350000000.0,PPL,Utilities,0.1306126963061269,0.0261029086729732,0.4276810184775882,0.0407483350230309,24.102540750901525,Mid,-0.22637565322589734,-0.6617398620172157,0.6736502281124603,-1.5617657433555734
O,60693209088,55.632477,5749377000.0,1058590000.0,72795612000.0,29345846000.0,O,Real Estate,0.1841225579745422,0.0145419479404885,0.4031265785635541,0.0179751119116986,24.829097652114,Mid,0.15746229071105683,-0.8362545097945608,0.5305255412106967,-1.209317760294201
XYL,29446856704,30.895409,9035000000.0,957000000.0,17634000000.0,2063000000.0,XYL,Industrials,0.1059214167127836,0.0542701599183395,0.1169899058636724,0.0323672685478933,24.105853008036902,Mid,-0.40349160338495976,-0.23655046438100225,-1.1373284939316857,0.4972864261657237
AMP,42383585280,12.5778885,18480000000.0,3563000000.0,190904000000.0,5862000000.0,AMP,Financials,0.1928030303030303,0.0186638310354942,0.0307065331265976,0.0795046004740779,24.47002698460379,Mid,0.21972921772378706,-0.7740339908299823,-1.6402632279780425,1.0859584548718473
MAA,15332695040,33.93634,2209126000.0,446909000.0,11975383000.0,5429651000.0,MAA,Real Estate,0.202301272086789,0.0373189734307453,0.453401031098546,0.0294669372124395,23.453253316074846,Smaller,0.2878621839401053,-0.4924314770185053,0.8235688891111181,-1.0281381821895181
SLB,79049678848,22.408512,35708000000.0,3374000000.0,54868000000.0,11636000000.0,SLB,Energy,0.0944886299988798,0.0614930378362615,0.2120726106291463,0.0446258993011227,25.093342337949743,Large,-0.48550148359970935,-0.1275199067178232,-0.5831035799456321,-0.029917810371900444
WMB,87006273536,33.24766,11950000000.0,2618000000.0,58573000000.0,29393000000.0,WMB,Energy,0.2190794979079497,0.0446963618049271,0.5018182439007733,0.0300773046885104,25.18924606261042,Large,0.40821606827663653,-0.3810685580165034,1.105786624365351,-1.0786391141052178
WTW,28140644352,18.316309,9708000000.0,1605000000.0,29530000000.0,6903000000.0,WTW,Financials,0.165327564894932,0.0543515069420927,0.2337622756518794,0.0545961525326964,24.06048078645152,Smaller,0.02264169362763871,-0.23532251736807483,-0.45667729914871097,0.24399647540827485
GDDY,11584337920,13.781351,4951100000.0,875000000.0,8034900000.0,3862600000.0,GDDY,Information Technology,0.1767284037890569,0.1088999240811957,0.4807278248640306,0.0725618264856616,23.172919843435015,Smaller,0.10442240514198717,0.5880950189525689,0.9828532717077918,-0.2903358476132357
HAL,31114921984,24.766668,22184000000.0,1283000000.0,25010000000.0,8133000000.0,HAL,Energy,0.0578344752975117,0.0512994802079168,0.3251899240303878,0.0403768484319327,24.160953347620723,Mid,-0.7484297539903744,-0.281393374526611,0.07624275906281801,-1.1060658875798035
BF-B,13371209728,16.947674,3975000000.0,869000000.0,8086000000.0,2733000000.0,BF-B,Consumer Staples,0.2186163522012578,0.1074697007172891,0.3379915904031659,0.0590051472550156,23.316369704744982,Smaller,0.40489382280156033,0.5665055565912133,0.15086203353372468,0.8205373458590488
UHS,11142814720,7.8999567,17364829000.0,1488796000.0,15527593000.0,5166503000.0,UHS,Health Care,0.0857362891393862,0.0958806686908911,0.3327304495938295,0.126582972283886,23.13406070739396,Smaller,-0.5482839393078015,0.39156716790830737,0.12019551726543944,-0.27691228866493356
VTRS,17093698560,,14299900000.0,-3514900000.0,37193100000.0,14698000000.0,VTRS,Health Care,-0.2457989216707809,-0.0945040881238724,0.3951808265511614,,23.56197572727712,Smaller,-2.926458535397127,-2.4823227748493486,0.4842107699125422,-5.892992080159017
RCL,77854097408,18.27657,17934000000.0,4268000000.0,41619000000.0,22035000000.0,RCL,Consumer Discretionary,0.2379837180773948,0.1025493164179821,0.5294456858646291,0.0547148617054513,25.078102365928743,Mid,0.5438201751707181,0.49223152757302163,1.2668234468226,-0.23077174407886036
CVX,366489468928,27.793053,184432000000.0,12299000000.0,324012000000.0,40758000000.0,CVX,Energy,0.0666858245857551,0.0379584706739256,0.1257916373467649,0.0359802141923739,26.62723562369385,Large,-0.6849370891630876,-0.4827781585157785,-1.0860243278777493,-0.08169091980111687
NKE,68165230592,30.282894,46309000000.0,3219000000.0,36579000000.0,11018000000.0,NKE,Consumer Discretionary,0.0695113260921203,0.0880013122283277,0.3012110773941332,0.0330219430150896,24.94520045642922,Mid,-0.6646691487315739,0.2726269561391711,-0.06352686830782317,-0.32851532428457964
LITE,63836598272,256.1805,1645000000.0,25900000.0,4218700000.0,2608200000.0,LITE,Information Technology,0.0157446808510638,0.0061393320217128,0.6182473273757318,0.0039034977291401,24.879592503455225,Mid,-1.0503490574108434,-0.9630934111112248,1.7844368471744843,-3.7978793156965525
GILD,170839277568,20.270987,29442000000.0,8510000000.0,59023000000.0,24936000000.0,GILD,Health Care,0.2890428639358739,0.1441810819511038,0.4224793724480287,0.0493315890341205,25.863989054205515,Large,0.9100785984673688,1.120670034240302,0.6433304992992204,1.3874181334084503
VICI,31011371008,11.1149435,4006116000.0,2775493000.0,46724168000.0,17689740000.0,VICI,Real Estate,0.6928139374895784,0.059401656975465,0.378599357831262,0.0899689683532804,24.1576197808841,Mid,3.806416840835703,-0.15908965275671844,0.38755951143482087,3.259767676644164
EMR,82292916224,35.870102,18016000000.0,2293000000.0,41964000000.0,13759000000.0,EMR,Industrials,0.127275754884547,0.0546420741588027,0.3278762749022972,0.0278783706831945,25.133550868312582,Large,-0.2503122640553982,-0.2309363563341302,0.09190115439972643,-0.5731497747892549
ABT,168225079296,27.117647,44328000000.0,6524000000.0,86713000000.0,13860000000.0,ABT,Health Care,0.1471756000721891,0.0752367003794125,0.1598376252695674,0.0368763558283651,25.848568677389384,Large,-0.10756632109593764,0.07994299220452324,-0.8875746227013235,0.8599512938099091
NEE,191806160896,27.872728,27412000000.0,6835000000.0,212721000000.0,95619000000.0,NEE,Utilities,0.2493433532759375,0.0321312893414378,0.4495042802544177,0.0358773637083532,25.97975112033972,Large,0.6253053235626486,-0.5707404413489343,0.8008552272865092,-0.7462903450727949
KDP,36045414400,17.33987,16603000000.0,2079000000.0,55459000000.0,16141000000.0,KDP,Consumer Staples,0.1252183340360176,0.0374871526713428,0.2910438341838114,0.0576705592371799,24.308045491477053,Mid,-0.2650705938975905,-0.4898927830798723,-0.12279042741265452,-0.6321729495648083
BKNG,152039981056,29.004532,26917000000.0,5404000000.0,29264000000.0,19293000000.0,BKNG,Consumer Discretionary,0.2007653155998068,0.1846637506834335,0.6592741935483871,0.034477370639871,25.747409356468665,Large,0.2768444320424608,1.731762731325441,2.02357719800634,-0.014970034638438268
FCX,100905926656,46.19079,25915000000.0,2204000000.0,58167000000.0,10492000000.0,FCX,Materials,0.0850472699208952,0.03789090033868,0.1803771898155311,0.0216493374545012,25.337454500499703,Large,-0.5532264248966726,-0.4837981440972924,-0.7678521303524176,-0.2691724386415474
TECH,9266728960,111.75472,1219635000.0,73400000.0,2557868000.0,444058000.0,TECH,Health Care,0.0601819396786743,0.0286957731986169,0.1736047364445702,0.0089481679163081,22.949696291254455,Smaller,-0.7315908784366643,-0.6226001356659582,-0.807327894070472,-0.5468631200321503
ORLY,78574616576,31.552189,17781992000.0,2538209000.0,16538253000.0,8491499000.0,ORLY,Consumer Discretionary,0.1427404196335258,0.1534750375387291,0.5134459486137986,0.0316935221198123,25.087314539898124,Mid,-0.1393808406533817,1.2609638578561295,1.1735630266072408,-0.05198000940449288
CDW,17279981568,16.579208,22424100000.0,1066600000.0,16028200000.0,5787600000.0,CDW,Information Technology,0.0475648966959655,0.0665452140602188,0.361088581375326,0.0603165121035938,23.572814533655084,Smaller,-0.822095687943688,-0.051256456418611505,0.2854914371298487,-1.1588435814921483
WELL,148317765632,149.30498,10667136000.0,936845000.0,67303047000.0,21380295000.0,WELL,Real Estate,0.0878253544344048,0.0139198006889643,0.3176720215950995,0.0066977002374602,25.722622874141315,Large,-0.5332986169281831,-0.8456459272535192,0.03242186817808395,-1.4113664123597862
EVRG,18968506368,22.505465,5961600000.0,855600000.0,33948500000.0,15202200000.0,EVRG,Utilities,0.1435185185185185,0.0252028808342047,0.4478018174587979,0.0444336520040798,23.66604588126209,Smaller,-0.1337993671290066,-0.6753259337033818,0.7909317895930386,-1.600057090425427
APH,185717784576,45.227547,23094700000.0,4270300000.0,36236900000.0,15502000000.0,APH,Information Technology,0.1849038956990132,0.117843965681391,0.4277959759250929,0.0221104186791293,25.94749407118787,Large,0.16306699713956085,0.7231068320433431,0.6743203003575913,0.21185352882531272
BLDR,9788549120,22.750643,15190638000.0,435199000.0,11237530000.0,5100271000.0,BLDR,Industrials,0.0286491587779262,0.0387272825967984,0.4538605013735224,0.0439548016291231,23.00447908230181,Smaller,-0.9577824141681386,-0.471172813161549,0.8262470825244843,-2.2552023098541722
MMM,81401487360,25.758333,24948000000.0,3250000000.0,37733000000.0,12602000000.0,MMM,Industrials,0.1302709636042969,0.0861315029284711,0.3339782153552593,0.0388223880792285,25.122659382023844,Large,-0.22882697665594592,0.24440187009953124,0.12746858415503706,-0.11189369071145175
ABNB,84861206528,35.12407,12241000000.0,2511000000.0,22208000000.0,2067000000.0,ABNB,Consumer Discretionary,0.2051302998121068,0.1130673631123919,0.0930745677233429,0.0284705046994838,25.164282894484234,Large,0.30815541871158625,0.6510032124402617,-1.2767279384096728,2.235886569561521
META,1747831357440,29.324957,200966000000.0,60458000000.0,366021000000.0,83897000000.0,META,Communication Services,0.3008369574952977,0.1651763150201764,0.2292136243548867,0.0341006467630967,28.18939691107057,Large,0.9946802117270312,1.4375966105720777,-0.4831908052594851,2.915467627558594
AMZN,2694585253888,34.945606,716924000000.0,77670000000.0,818042000000.0,152987000000.0,AMZN,Consumer Discretionary,0.1083378433418326,0.094946225254938,0.1870160700795313,0.0286159009518965,28.62226541378529,Large,-0.3861580465404997,0.3774615869910578,-0.7291549471753643,0.7204584876259225
BMY,122851213312,17.390173,48195000000.0,7054000000.0,90038000000.0,47139000000.0,BMY,Health Care,0.1463637306774561,0.0783446989049068,0.5235456140740576,0.0575037407620959,25.534239812234382,Large,-0.11339003787455157,0.12685875297214713,1.2324326836579786,-1.218963968560383
ESS,17629028352,24.516348,1887345000.0,669666000.0,13159009000.0,6851756000.0,ESS,Real Estate,0.3548190712349888,0.0508903064052923,0.5206893619420733,0.0407891093730599,23.592812718507844,Smaller,1.3819057230843936,-0.2875699219344824,1.215783955626145,-0.12144815447623358
CTVA,54030577664,45.90857,17401000000.0,1094000000.0,42845000000.0,2580000000.0,CTVA,Materials,0.0628699500028734,0.025533901272027,0.0602170615007585,0.0217824253728661,24.71281597628697,Mid,-0.7123091923333549,-0.670329124489132,-1.4682501359000049,0.08561181907751791
SPG,78499995648,14.553987,6364505000.0,4627612000.0,40606466000.0,29186714000.0,SPG,Real Estate,0.727096922698623,0.1139624413510892,0.7187701091742384,0.0687096944637919,25.08636440629528,Mid,4.052336193724406,0.6645145690804164,2.3703712737700786,2.3464794890347433
FDS,8634110976,14.966559,2321748000.0,597040000.0,4304272000.0,1558509000.0,FDS,Financials,0.2571510775501906,0.1387087061412475,0.3620842270191103,0.0668156254219824,22.87898658736749,Smaller,0.6813118378539181,1.0380636004792314,0.2912949281290584,1.4280805102040912
AXON,32458510336,270.36914,2779536000.0,124656000.0,7000313000.0,1909664000.0,AXON,Industrials,0.0448477731535047,0.0178072037636031,0.272796944936605,0.0036986469683633,24.20322850568156,Mid,-0.8415862095305986,-0.7869649236555288,-0.2291492089438481,-1.3994019242422793
DAL,47119618048,10.470074,63364000000.0,5005000000.0,81317000000.0,20274000000.0,DAL,Industrials,0.0789880689350419,0.0615492455452119,0.2493205602764489,0.0955103087141504,24.575955270314616,Mid,-0.5966903991211377,-0.12667144189237936,-0.36599004977890087,-0.3573717912346162
ALL,56101269504,5.677962,67069000000.0,10282000000.0,119758000000.0,7490000000.0,ALL,Financials,0.1533048054988146,0.0858564772290786,0.0625427946358489,0.1761195302117203,24.75042427852384,Mid,-0.06360018970315541,0.2402503108848772,-1.4546937351862337,1.6313438563679554
SNPS,86122455040,68.95399,7054178000.0,1332220000.0,48224461000.0,14293418000.0,SNPS,Information Technology,0.188855455589581,0.0276253994834696,0.2963935252692611,0.0145024240076607,25.179036016235507,Large,0.19141240070532198,-0.6387576070224856,-0.09160776292074232,-0.3557374433964213
BG,23113830400,24.19067,70329000000.0,816000000.0,44528000000.0,15855000000.0,BG,Consumer Staples,0.0116026105873821,0.0183255479698167,0.3560680919870643,0.0413382514829064,23.8636969939284,Smaller,-1.0800610335603242,-0.7791404306338878,0.25622764718781493,-2.115429111382027
XEL,50607071232,23.707602,14669000000.0,2018000000.0,81371000000.0,34781000000.0,XEL,Utilities,0.1375690231099597,0.0247999901684875,0.427437293384621,0.04218056301097,24.64735715114402,Mid,-0.17647639924758335,-0.6814076361022885,0.6722295857462258,-1.5301136210960977
SHW,85618565120,33.679337,23574300000.0,2568500000.0,25901700000.0,12942600000.0,SHW,Materials,0.1089533941622869,0.0991633753769057,0.4996814880876545,0.0296917958925379,25.173167978821542,Large,-0.3817425658432033,0.4411201777595094,1.093331748269262,-1.0339541363529559
MS,299819794432,17.087784,65966000000.0,16861000000.0,1420270000000.0,370538000000.0,MS,Financials,0.2556013704029348,0.0118716863694931,0.2608926471727207,0.0585213389869628,26.426447445892297,Large,0.6701954494619409,-0.8765625575700582,-0.29853783667090517,0.09217072856278785
WEC,37738815488,24.089397,9800100000.0,1558700000.0,51518300000.0,22314200000.0,WEC,Utilities,0.159049397455128,0.0302552685162359,0.4331315280201404,0.0415120395085024,24.353954990278734,Mid,-0.0223929748736388,-0.5990592914089596,0.7054205504844637,-1.3268728167670623
BXP,10278157312,33.36207,3482279000.0,276800000.0,26166164000.0,17358735000.0,BXP,Real Estate,0.079488174267484,0.010578547164957,0.663403890612319,0.029974159277287,23.053286831100817,Smaller,-0.5931030341650106,-0.8960827114766956,2.0476486735253787,-3.536834419167085
AMAT,315015495680,40.670082,28368000000.0,6998000000.0,36299000000.0,7050000000.0,AMAT,Information Technology,0.2466864072194021,0.1927876801013802,0.1942202264525193,0.024588098937199,26.475887667197046,Large,0.606246468247126,1.8543948130137142,-0.6871628419233147,3.147804123184155
TSN,22821758976,115.75,54441000000.0,474000000.0,36658000000.0,8830000000.0,TSN,Consumer Staples,0.0087066732793299,0.0129303289868514,0.240875115936494,0.0086393088552915,23.850980258865537,Smaller,-1.1008342254063648,-0.8605821691088076,-0.41521746368588447,-1.5461989308292878
AJG,56975929344,38.608017,13942000000.0,1494000000.0,70665000000.0,13485000000.0,AJG,Financials,0.1071582269401807,0.0211420080662279,0.1908299724050095,0.0259013561872395,24.76589472337997,Mid,-0.394619693050635,-0.7366254915144197,-0.7069241987600446,-0.42432098580501
RF,24031916032,11.672198,7526000000.0,2156000000.0,158814000000.0,4884000000.0,RF,Financials,0.2864735583311187,0.0135756293525759,0.0307529562884884,0.0856736666050387,23.902648618514043,Smaller,0.8916484072853004,-0.8508412514947055,-1.6399926333102808,1.6807997891008757
ORCL,503480614912,31.429083,57399000000.0,12443000000.0,168361000000.0,104104000000.0,ORCL,Information Technology,0.2167807801529643,0.0739066648451838,0.6183379761346155,0.0318176639133887,26.94481104769256,Large,0.39172686293664627,0.05986588199212734,1.7849652271855405,-1.333372482256767
FOX,27324958720,14.035971,16300000000.0,2263000000.0,23195000000.0,7465000000.0,FOX,Communication Services,0.1388343558282208,0.0975641302004742,0.3218366027161026,0.0712455162524915,24.031066360303388,Smaller,-0.16739989084651274,0.4169793026944855,0.05669667840007921,0.19288273344789356
KKR,95945973760,44.273506,19207544000.0,2370463000.0,410144072000.0,54537875000.0,KKR,Financials,0.1234131235102207,0.005779586154789,0.1329724814357429,0.0225868717060718,25.287051096664563,Large,-0.2780197639195385,-0.9685238355117815,-1.0441681069448525,-0.20237549248646736
LYV,36760588288,,25201406000.0,495972000.0,22912533000.0,10404386000.0,LYV,Communication Services,0.0196803305339392,0.0216463190691312,0.4540914791044709,,24.32769213778789,Mid,-1.0221177812454876,-0.729012832058306,0.8275934221493759,-2.5787240354531695
MKC,14606252032,8.906558,6840300000.0,789400000.0,13200400000.0,4164000000.0,MKC,Consumer Staples,0.1154042951332543,0.0598012181449047,0.3154449865155601,0.1122768189462191,23.40471549536996,Smaller,-0.3354688419345024,-0.15305820966442035,0.019440765795205112,-0.5079678173941279
ICE,91567636480,27.944542,12640000000.0,3315000000.0,136887000000.0,20279000000.0,ICE,Financials,0.2622626582278481,0.0242170549431282,0.1481440896505877,0.0357851633424516,25.240343732659444,Large,0.717978324299687,-0.6902071414275454,-0.9557347448666238,0.9835059277387654
BA,175541878784,90.07258,89463000000.0,2235000000.0,168235000000.0,54433000000.0,BA,Industrials,0.0249823949565742,0.0132849882604689,0.3235533628555295,0.0111021578376016,25.891143476935643,Large,-0.9840849132254464,-0.8552285276901999,0.06670345348031496,-1.9060168943959614
WST,19730898944,40.313698,3074100000.0,493700000.0,4270000000.0,321100000.0,WST,Health Care,0.1605998503627078,0.1156206088992974,0.0751990632318501,0.0248054643858273,23.70545171823393,Smaller,-0.011271236979710017,0.6895448872630805,-1.3809219657429415,2.059195616026312
INTC,343939219456,,52853000000.0,-267000000.0,211429000000.0,46585000000.0,INTC,Information Technology,-0.0050517472991126,-0.0012628352780365,0.2203340128364604,,26.563730791080804,Large,-1.1995263861032854,-1.0748303721645558,-0.5349489240695045,-1.739407834198337
DLTR,21064517632,17.833334,19411800000.0,1282500000.0,13466200000.0,7055600000.0,DLTR,Consumer Staples,0.0660680616944332,0.0952384488571386,0.5239488497126138,0.0560747642588873,23.770855833088383,Smaller,-0.6893684375286452,0.38187275144272576,1.2347830925745753,-1.5422787786604948
CPT,10828721152,29.20904,1573544000.0,384462000.0,9042989000.0,3900790000.0,CPT,Real Estate,0.2443287254757414,0.0425149250983275,0.431360692797481,0.0342359762594046,23.105467807145683,Smaller,0.5893343013169957,-0.41399771220272147,0.6950985786665329,-0.5197619895522587
MLM,37515300864,38.020782,6150000000.0,1137000000.0,18711000000.0,5705000000.0,MLM,Materials,0.1848780487804878,0.0607663940997274,0.304900860456416,0.0263014053735138,24.34801470974401,Mid,0.1628815915385266,-0.13848871620305425,-0.042019595188438376,0.06641247052391072
EME,36083523584,28.573202,16986422000.0,1272817000.0,9291399000.0,468209000.0,EME,Industrials,0.0749314364143313,0.1369887354961292,0.0503916579193294,0.0349978276848356,24.3091021876828,Mid,-0.6257895116493324,1.0121003541482594,-1.5255211555689066,1.9118319980678335
CAT,371880001536,42.201275,67589000000.0,8884000000.0,98585000000.0,43330000000.0,CAT,Industrials,0.1314415067540576,0.0901151290764315,0.4395191966323477,0.0236959665318168,26.641837062664436,Large,-0.22043041456655377,0.30453537718207946,0.7426534531022857,-0.65854849048676
EQR,24395741184,21.39249,3093959000.0,1120089000.0,20746023000.0,8479585000.0,EQR,Real Estate,0.362024512929874,0.0539905407412302,0.4087330376525659,0.0467453765316707,23.917674412372055,Smaller,1.433591932674332,-0.2407713629147985,0.5632048735250019,0.6296156962345316
SNA,19795845120,19.805727,5156100000.0,1016900000.0,8412300000.0,1291900000.0,SNA,Industrials,0.1972227070848121,0.1208825172663837,0.1535727446714929,0.0504904465258962,23.708737910202657,Smaller,0.2514325261587322,0.7689742795573119,-0.9240918097035756,1.9444986154196195
VZ,196333191168,11.465517,138191000000.0,17174000000.0,404258000000.0,181643000000.0,VZ,Communication Services,0.1242772684183485,0.0424827709037297,0.4493244413221259,0.0872180469489513,26.00307900782776,Large,-0.2718210634471889,-0.41448308518120003,0.7998069691724116,-1.4861111178008004
RVTY,10505040896,45.611652,2856051000.0,241201000.0,12168411000.0,3398207000.0,RVTY,Health Care,0.0844526235700973,0.019821897863246,0.2792646467973509,0.0219242223456409,23.07512106423913,Smaller,-0.5574919532599165,-0.7565527771813741,-0.19144980276581777,-1.1225949276754728
Q,28574410752,41.3,4754000000.0,692000000.0,14070000000.0,4027000000.0,Q,Information Technology,0.1455616323096339,0.049182658137882,0.2862117981520967,0.0242130750605326,24.075777425312307,Smaller,-0.11914366493955635,-0.31334715990029754,-0.15095574686438978,-0.2815350779754641
V,611227074560,29.767136,40000000000.0,20058000000.0,99627000000.0,25171000000.0,V,Financials,0.50145,0.2013309644975759,0.2526523934274845,0.0335940951793279,27.13873437119982,Large,2.433721453117371,1.9833571286692357,-0.3465692208689188,4.763647802655525
TXN,209242701824,42.16881,17682000000.0,5001000000.0,34585000000.0,14048000000.0,TXN,Information Technology,0.2828299966067187,0.1446002602284227,0.406187653607055,0.0237142096255502,26.066760667925195,Large,0.8655123419452814,1.1269976008772749,0.5483681557731842,1.444141787049372
MOS,7809492480,14.452941,12052400000.0,540700000.0,24480100000.0,5279500000.0,MOS,Materials,0.0448624340380339,0.0220873280746402,0.2156649686888534,0.0691900700348808,22.778605815331822,Smaller,-0.8414810437985536,-0.7223557269055494,-0.5621641846943181,-1.0016725860097848
TRGP,50621145088,27.705883,17028300000.0,1923000000.0,25218400000.0,17522000000.0,TRGP,Energy,0.1129296524021775,0.0762538463978682,0.6948101386289376,0.0360934174160773,24.647635213063957,Mid,-0.35321999561456713,0.09529698252214054,2.2307116727171685,-2.488634685809595
ZBRA,11532010496,28.658922,5396000000.0,419000000.0,8502000000.0,2697000000.0,ZBRA,Information Technology,0.0776501111934766,0.0492825217595859,0.3172194777699365,0.0348931477604077,23.168392526885174,Smaller,-0.6062878627023245,-0.31183970172526404,0.029784048153984586,-0.9479116125815732
CCL,40473776128,12.872247,26621000000.0,2760000000.0,51687000000.0,27993000000.0,CCL,Consumer Discretionary,0.1036775478006085,0.0533983400081258,0.541586859365024,0.0776865142503869,24.423920098325947,Mid,-0.4195873659763573,-0.249710732638701,1.3375927928939322,-2.0068908915089905
BRO,23053244416,21.43038,5763000000.0,1054000000.0,29991000000.0,7918000000.0,BRO,Financials,0.1828908554572271,0.0351438764962822,0.2640125370944616,0.0466627283323954,23.86107235205877,Smaller,0.1486270190985486,-0.525264931277443,-0.28035239771239256,-0.09628551446650185
TPL,29133320192,60.628407,798190000.0,481376000.0,1623278000.0,16175000.0,TPL,Energy,0.6030844786329069,0.2965456317402195,0.0099644053575542,0.0164939184366166,24.09514837986417,Mid,3.1627678026164587,3.420638553767187,-1.7611664354229797,8.344572791806627
ALGN,13612295168,33.64071,4034964000.0,410351000.0,6233693000.0,114446000.0,ALGN,Health Care,0.1016988007823613,0.0658279129241687,0.0183592615164076,0.029725888662873,23.33423927774609,Smaller,-0.4337813512227011,-0.06208423777732973,-1.7122338935475485,1.2163683045475175
INCY,19467595776,15.26053,5141242000.0,1286650000.0,6957973000.0,40412000.0,INCY,Health Care,0.2502605401574172,0.1849173602714468,0.0058080133395171,0.065528523583388,23.692017165192706,Smaller,0.6318845057136823,1.7355910107348451,-1.7853935124121212,4.152869028860648
STLD,29022842880,25.07134,18176581000.0,1185595000.0,16419780000.0,4211163000.0,STLD,Materials,0.0652265131709863,0.0722052914229057,0.2564689051863058,0.0398861807944848,24.0913490423887,Mid,-0.6954050491903365,0.03418336386953664,-0.3243232624006913,-0.3368984229201085
GOOGL,4133303091200,31.637035,402836000000.0,132170000000.0,595281000000.0,59291000000.0,GOOGL,Communication Services,0.3280987796522654,0.2220295961067126,0.0996017007094128,0.0316085246294414,29.050097983199503,Large,1.1902352260447366,2.2958064560501072,-1.238682115810254,4.7247237979050976
MCO,81054064640,33.334553,7718000000.0,2459000000.0,15830000000.0,7351000000.0,MCO,Financials,0.3186058564394921,0.1553379658875552,0.4643714466203411,0.0299989023401633,25.11838223365472,Large,1.1221404111016238,1.2890850747820124,0.8875140368007525,1.5237114490828838
NWS,16439382016,38.909092,8452000000.0,1180000000.0,15504000000.0,2940000000.0,NWS,Communication Services,0.1396119261713204,0.076109391124871,0.1896284829721362,0.0257009338588523,23.522945635600276,Smaller,-0.1618222086687643,0.09311640586678953,-0.7139275268545897,0.6452217240526149
BKR,59287252992,22.992308,27733000000.0,2588000000.0,40881000000.0,6087000000.0,BKR,Energy,0.0933184293080445,0.0633056921308187,0.1488955749614735,0.0434928063768108,24.80566016186692,Mid,-0.49389558915631093,-0.10015758510142975,-0.9513544331914905,0.35730125893374987
HPE,35133698048,,34296000000.0,57000000.0,75906000000.0,24077000000.0,HPE,Information Technology,0.0016620013995801,0.0007509287803335,0.3171949516507259,,24.28242656520455,Mid,-1.1513671979412146,-1.044432264819926,0.029641088544837903,-2.2254405513059785
MCHP,42619830272,,4401600000.0,-500000.0,15374600000.0,5666100000.0,MCHP,Information Technology,-0.0001135950563431,-3.252117128250491e-05,0.3685364172076021,,24.47558548125325,Mid,-1.1641039397613786,-1.056258573681375,0.3289039187552592,-2.549266432198013
NWSA,14987316224,33.77922,8452000000.0,1180000000.0,15504000000.0,2940000000.0,NWSA,Communication Services,0.1396119261713204,0.076109391124871,0.1896284829721362,0.0296039991450365,23.43047009527324,Smaller,-0.1618222086687643,0.09311640586678953,-0.7139275268545897,0.6452217240526149
CSGP,16834241536,1986.0001,3247000000.0,7000000.0,10538000000.0,1184000000.0,CSGP,Real Estate,0.0021558361564521,0.000664262668438,0.1123552856329474,0.0005035246473552,23.546680835737888,Smaller,-1.1478248131954465,-1.045740504363477,-1.1643431019518007,-1.029222215607123
CCI,38710149120,35.20238,4264000000.0,444000000.0,31518000000.0,29566000000.0,CCI,Real Estate,0.1041275797373358,0.0140871882733676,0.9380671362396092,0.028407170197015,24.37936765376311,Mid,-0.41635918844209674,-0.8431191834983603,3.6486255710419786,-4.908103942982436
SYK,131486154752,40.82283,25116000000.0,3246000000.0,47844000000.0,15859000000.0,SYK,Health Care,0.1292403248924988,0.0678454978680712,0.331473120976507,0.0244960969143981,25.602167395964123,Large,-0.2362199736053648,-0.031628453522594524,0.11286670971303989,-0.3807151368409992
NI,23117938688,24.774359,6642200000.0,929500000.0,35858700000.0,16213500000.0,NI,Utilities,0.139938574568667,0.025921185095946,0.4521496875235298,0.0403643137648889,23.863874719682432,Smaller,-0.15947908825472232,-0.6644830099935453,0.8162749676041419,-1.6402370658524095
AEP,72652693504,20.06907,21876000000.0,3580000000.0,114460000000.0,49508000000.0,AEP,Utilities,0.1636496617297494,0.0312773021142757,0.4325353835401013,0.0498279192807638,25.008956301347705,Mid,0.010605727154020472,-0.5836315222550206,0.7019457006262496,-1.2749714957272498
ROL,26509385728,50.458714,3761050000.0,526705000.0,3140523000.0,1038005000.0,ROL,Industrials,0.1400420095452068,0.1677125115784855,0.330519789219821,0.019818182445157,24.00076468564731,Smaller,-0.15873712653984778,1.4758809244201276,0.10730986094487859,1.2098339369354012
VMC,38091603968,35.836605,7941100000.0,1076700000.0,16700400000.0,4884700000.0,VMC,Materials,0.1355857500850008,0.0644715096644391,0.2924900002395152,0.0279044290049238,24.36325972650044,Mid,-0.19070285053021088,-0.0825593732434183,-0.11436091060611298,-0.1589013131675162
IDXX,46918459392,45.049694,4303702000.0,1059464000.0,3350759000.0,976062000.0,IDXX,Health Care,0.2461750372121489,0.3161862730205306,0.2912957929830226,0.022197709045482,24.571677025410004,Mid,0.6025782993142402,3.717117339091979,-0.12132179182676867,4.4410174302329875
HRL,11660522496,23.80899,12106160000.0,478197000.0,13393119000.0,2857424000.0,HRL,Consumer Staples,0.0395003039774792,0.0357046779021376,0.213350153911124,0.042000941661112,23.17947482784248,Smaller,-0.8799447757797694,-0.516799539682357,-0.5756569437007549,-0.8210873717613715
COHR,64684986368,331.75,5810115000.0,49364000.0,14910936000.0,3893658000.0,COHR,Information Technology,0.0084962173726337,0.0033105902942645,0.2611276716632678,0.0030143180105501,24.89279496157188,Mid,-1.102343871665894,-1.0057937435179953,-0.2971679090023628,-1.8109697061815266
ACGL,34768662528,8.4129305,19294000000.0,4399000000.0,79241000000.0,2729000000.0,ACGL,Financials,0.2279983414533015,0.0555141908860312,0.0344392423114296,0.1188646453218649,24.271982315962315,Mid,0.4721928841756748,-0.21777160757364358,-1.618505743985542,1.8729270205875732
